1;LTO;Burgos Extension Office
1;LTO;Batac District Office
1;LTO;Laoag City District Office
1;LTO;LTO Regional Office No. 1
1;LTO;San Fernando LU Licensing Center
1;LTO;San Fernando LU District Office
1;BIR;Revenue District Office No. 6 - Urdaneta, East Pangasinan
1;BIR;Revenue District Office No. 3 - San Fernando, La Union
1;BIR;Revenue District Office No. 2 - Vigan, Ilocos Sur
1;BIR;Revenue District Office No. 1 - Laoag, Ilocos Norte 
1;BIR;Revenue District Office No. 5 - Alaminos, West Pangasinan
1;BIR;Revenue District Office No. 4 - Calasiao, West Pangasinan
1;LBP;Carmen Branch
1;LTO;Rosales Extension Office
1;LTO;Urdaneta District Office
1;LTO;Dagupan District Office
1;LTO;San Carlos District Office
1;LTO;Agoo Extension Office
1;LTO;Candon District Office
1;LTO;Vigan District Office
1;LTO;Bayambang Kiosk (E-Patrol)
1;LTO;Lingayen District Office
1;LTO;Alaminos District Office
1;GSIS;Laoag Branch Office
1;GSIS;Dagupan Branch Office
1;GSIS;La Union Branch Office
1;PSA-NSO;Region I - Ilocos Region
1;PSA-NSO;Ilocos Norte
1;PSA-NSO;Pangasinan
1;PSA-NSO;Ilocos Sur 
1;LRA;San Fernando, La Union
1;LRA;Tayug, Pangasinan
1;LRA;Registry of Deeds: Dagupan City
1;LRA;Laoag, Ilocos Norte
1;LRA;Laoag City
1;LRA;Registry of Deeds: Pangasinan, Lingayen
1;LRA;San Carlos City, Pangasinan
1;LRA;Registry of Deeds: Vigan, Ilocos Sur
1;LRA;Registry of Deeds: Batac City, Ilocos Norte
1;HDMF;Dagupan Branch
1;HDMF;Urdaneta Branch
1;HDMF;Ilocos Sur Extension Office (Vigan City)
1;HDMF;Ilocos Norte Extension Office
1;HDMF;La Union Branch
1;PHIC;Local Health Insurance Offices-Laoag City, Ilocos Norte
1;PHIC;Business Center Mangatarem, Pangasinan
1;PHIC;PRO I - Dagupan Regional Office
1;PHIC;Local Health Insurance Offices- Vigan, Ilocos Sur
1;PHIC;Business Center Candon City
1;PHIC;Local Health Insurance Offices- Urdaneta, Pangasinan
1;PHIC;Local Health Insurance Offices- San Fernando, La Union
1;PHIC;Business Center San Carlos City 
1;PHIC;Local Health Insurance Offices- Alaminos, Pangasinan
1;SSS;ALAMINOS 
1;SSS;DAGUPAN
1;SSS;La Union
1;SSS;URDANETA
1;SSS;VIGAN
1;SSS;LAOAG
2;LTO;Ilagan District Office
2;LTO;Cauayan Extension Office
2;LTO;San Isidro District Office
2;LTO;Santiago Extension Office
2;BIR;Revenue District Office No. 15 - Ilagan, Isabela (Naguilian)
2;BIR;Revenue District Office No. 16 - Cabarroguis, Quirino
2;BIR;Revenue District Office No. 14 - Bayombong, Nueva Vizcaya
2;BIR;Revenue District Office No. 13 - Tuguegarao, Cagayan
2;LTO;Bayombong District Office
2;LTO;Aritao Extension Office
2;LTO;Basco District Office
2;LTO;LTO Regional Office No. 2 (Tuguegarao City)
2;LTO;Tuguegarao Licensing Section
2;LTO;Tuguegarao District Office
2;LBP;Santiago Branch
2;LBP;Aparri Branch
2;LTO;Gattaran Extension Office
2;LTO;Aparri District Office
2;LBP;Bambang Branch
2;LTO;Cabagan Extension Office
2;LTO;Roxas District Office
2;LTO;Cabarroguis District Office
2;LTO;Sanchez Mira Extension Office
2;SSS;Cauayan 
2;SSS;Santiago, Isabela
2;SSS;Tuguegarao
2;SSS;Solano
2;GSIS;Tuguegarao Branch Office
2;GSIS;Cauayan Branch Office
2;GSIS;Bayombong Branch Office
2;PRC;Tuguegarao City
2;PSA-NSO;Cagayan Valley Regional Office 
2;PSA-NSO;Nueva Vizcaya
2;LRA;Cabarroguis, Quirino
2;LRA;Bayombong ,N. Vizcaya
2;LRA;Ilagan,Isabela
2;LRA;Tuao,Cagayan 
2;LRA;Sanchez Mira, Cagayan
2;LRA;Santiago City
2;LRA;Tuguegarao, Cagayan(RRD)
2;HDMF;Solano
2;HDMF;Tuguegarao Business Hub
2;HDMF;Cauayan Member Services Branch
2;PHIC;LHIO - Cauayan/Service Desk Cauayan City
2;PHIC;Local Health Insurance Offices- Santiago City, Isabela
2;PHIC;Local Health Insurance Offices-  Aparri, Cagayan
2;PHIC;LHIO- Tuguegarao
2;PHIC;Local Health Insurance Offices- Solano, Nueva Vizcaya
2;PHIC;Local Health Insurance Offices- Ilagan, Isabela
2;LGU;City of Santiago
3;LTO;San Jose City District Office
3;LTO;Nueva Ecija Licensing Center
3;LTO;Capas Extension Office
3;LTO;Mabalacat Extension Office
3;LTO;Meycauayan District Office
3;LTO;DLRC-SM Marilao
3;SSS;BALANGA 
3;SSS;CAMILING
3;SSS;STA. MARIA
3;SSS;BALIUAG 
3;SSS;CABANATUAN 
3;SSS;PAMPANGA
3;GSIS;Bataan
3;GSIS;Bulacan
3;GSIS;Cabanatuan
3;GSIS;Iba Extension Office
3;GSIS;Pampanga
3;GSIS;Tarlac
3;BIR;Revenue District Office No. 23A - North Nueva Ecija
3;BIR;Revenue District Office No. 23B - South Nueva Ecija
3;BIR;Revenue District Office No. 18 - Olongapo City
3;BIR;Revenue District Office No. 19 - Subic Bay Metropolitan Authority
3;BIR;Revenue District Office No. 21A - North Pampanga
3;BIR;Revenue District Office No. 21B - South Pampanga
3;LTO;Regional Office No. 3
3;LTO;Angeles District Office
3;LTO;DLRC-SM Clark
3;LTO;San Fernando District Office
3;LTO;San Fernando Licensing Center
3;LTO;Paniqui Extension Office
3;BIR;Revenue District Office No.17B- Paniqui, Tarlac
3;BIR;Revenue District Office No.17A- Tarlac, Tarlac City
3;BIR;Revenue District Office No. 20 - Balanga, Bataan
3;PHIC;LHIO Iba, Zambales
3;PHIC;LHIO Balanga, Bataan
3;PHIC;LHIO Olongapo City
3;HDMF;Malolos Member Services Branch
3;HDMF;Marilao-Meycauayan Branch
3;HDMF;Balanga Branch
3;HDMF;Subic Bay Branch
3;HDMF;Cabanatuan Branch
3;HDMF;Tarlac Branch
3;PHIC;LHIO Gapan, Nueva Ecija
3;PHIC;PHIC Express Robinson's Cabanatuan/ PJGMRMC Express Office
3;PHIC;LHIO Cabanatuan, Nueva Ecija
3;PSA-NSO;Nueva Ecija
3;PSA-NSO;Bulacan
3;PSA-NSO;Tarlac
3;LTO;Malolos District Office
3;LTO;Bulacan Licensing Center
3;LTO;Sta. Maria Extension Office
3;LTO;San Rafael District Office
3;LTO;Guagua District Office
3;LTO;Apalit Extension Office
3;LRA;Nueva Ecija
3;LRA;Cabanatuan City
3;LRA;Talavera, Nueva Ecija
3;LRA;San Jose City,Nueva Ecija
3;LRA;Guiguinto, Bulacan
3;LRA;Meycauayan, Bulacan
3;SSS;Malolos
3;SSS;Meycauayan
3;SSS;Iba
3;SSS;Olongapo
3;SSS;MARIVELES-BEPZ
3;SSS;San Jose, Nueva Ecija
3;LTO;Balanga District Office 
3;LTO;Bataan Licensing Center
3;LTO;Olongapo District Office
3;LTO;SBMA Extension Office
3;LTO;Iba District Office
3;LTO;Zambales Licensing Center
3;PHIC;PRO III-B - Malolos Regional Office
3;PHIC;LHIO Sta. Maria, Bulacan
3;PHIC;PhilHealth Express Baliuag, Bulacan
3;PHIC;PhilHealth Express Robinson's Place Malolos
3;PHIC;Starmall SJD Bulacan
3;PHIC;PhilHealth Express Meycauayan, Bulacan
3;LRA;San Fernando,Pampanga (RRD)
3;LRA;Angeles City
3;LRA;Balanga, Bataan
3;LRA;Iba, Zambales
3;LRA;Tarlac City,Tarlac
3;LRA;Olongapo City
3;SSS;Tarlac
3;SSS;Angeles
3;HDMF;POEA, SM Pampanga
3;HDMF;San Fernando Members Services Branch
3;HDMF;Angeles Branch
3;HDMF;San Fernando Housing Hub
3;LTO;Baloc District Office
3;LTO;Cabanatuan District Office
3;LTO;Gapan District Office
3;LTO;Palayan Extension Office
3;LTO;Tarlac District Office
3;LTO;Tarlac Licensing Center
3;PHIC;Local Health Insurance Offices - San Fernando
3;PHIC;Local Health Insurance Offices - Angeles City
3;PHIC;PhilHealth Express Robinson's Starmills
3;PHIC;PhilHealth Express - Marquee Mall, Angeles City
3;PHIC;Pampanga Business Center
3;PSA-NSO;REGION III - CENTRAL LUZON
3;BIR;Baler, Revenue District Office 22
3;LTO;Baler District Office
3;PSA-NSO;Aurora
3;SSS;BALER 
3;LRA;Baler, Aurora
3;PHIC;LHIO- Baler
3;PHIC;Local Health Insurance Offices- Tarlac City
3;PHIC;PhilHealth Express Robinsons Luisita
3;PSA-NSO;Zambales
3;LBP;Angeles Branch
3;LBP;Clark Branch
3;LBP;Olongapo City
3;LBP;Guimba Branch
3;LBP;Tarlac Branch
3;LGU;CITY OF TARLAC (Capital)
3;LGU;CABANATUAN CITY
3;LGU;Olongapo City
3;LGU;CITY OF SAN JOSE DEL MONTE
3;LGU;Angeles City
3;LGU;CITY OF SAN FERNANDO (Capital)
3;LGU;City of Malolos
4;LTO;LTO Regional Office No. 4A (Lipa City)
4;LTO;Balayan Extension Office
4;LTO;Imus District Office
4;LTO;Cavite Licensing Center
4;LTO;Tagaytay City Extension Office
4;LTO;Laguna Licensing Center
4;LTO;Calapan District Office
4;LTO;Gumaca District Office
4;LTO;San Jose District Office
4;LTO;Boac District Office
4;LTO;Pinamalayan Extension Office
4;LTO;Palawan District Office
4;LTO;Romblon District Office
4;LTO;Quezon Licensing Center
4;LTO;Binangonan Extension Office
4;LTO;Cainta Extension Office
4;LTO;DLRC Cainta
4;LTO;Dasmari바s District Office
4;LTO;Batangas City District Office
4;LTO;Batangas Licensing Center
4;LTO;DLRC Sta. Rosa
4;LTO;Bi바n District Office
4;LTO;Bi바n Licensing Center
4;LTO;Calamba City District Office
4;BIR;Revenue District Office No. 54A - Trece Martirez City, South Cavite
4;BIR;Revenue District Office No. 58 - Batangas City
4;BIR;Revenue District Office No. 55 - San Pablo City
4;BIR;Revenue District Office No. 57- San Pedro, Laguna
4;BIR;Revenue District Office No. 56 - Calamba, Laguna
4;BIR;Revenue District Office No. 46 - Cainta/Taytay
4;BIR;Revenue District Office No. 60 - Lucena City
4;BIR;Revenue District Office No. 62 - Boac, Marinduque
4;BIR;Revenue District Office No. 37 - San Jose, Occidental Mindoro
4;BIR;Revenue District Office No. 63 - Calapan, Oriental Mindoro
4;BIR;Revenue District Office No. 36 - Puerto Princesa
4;BIR;Revenue District Office No. 35 ? Romblon
4;BIR;Revenue District Office No. 61 - Gumaca, Quezon
4;BIR;Revenue District Office No. 45 ? Marikina
4;BIR;Revenue District Office No. 59 - Lipa City
4;LTO;Lipa MVIS
4;LTO;Kawit (Cavite City) District Office
4;LTO;Lipa City District Office
4;LTO;Taal Extension Office
4;LTO;Pila District Office
4;LTO;San Pablo City District Office
4;LTO;Alaminos MVIC
4;LTO;Lucena City District Office
4;SSS;Batangas
4;SSS;LIPA
4;SSS;BACOOR 
4;SSS;BOAC 
4;SSS;SAN JOSE, OCCIDENTAL MINDORO
4;SSS;CALAPAN 
4;SSS;ROBINSONS STA. ROSA MARKET - SO 
4;SSS;SAN PABLO
4;LBP;Batangas City Branch
4;LBP;Rosario Cavite (CEPZ) Branch
4;LBP;Sta. Cruz (Laguna) Branch
4;LBP;Roxas (Mindoro) Extension Office
4;LBP;Puerto Princesa Branch
4;SSS;Sta. Cruz
4;SSS;Carmona
4;SSS;Bongabong, Oriental Mindoro
4;SSS;Puerto Prinsesa, Palawan
4;SSS;Odiongan, Romblon
4;SSS;Calamba
4;SSS;Robinsons Place Dasmarinas- SO
4;SSS;Robinsons Place Imus- SO
4;SSS;Rosario (PEZA)
4;SSS;Tagaytay
4;SSS;Binan
4;SSS;Infanta
4;SSS;Lucena
4;SSS;Antipolo
4;SSS;Cainta
4;SSS;San Mateo
4;GSIS;Batangas Branch Office
4;GSIS;Calapan Satellite Office
4;GSIS;Laguna Branch Office
4;GSIS;Lucena Branch Office
4;GSIS;Mamburao Satellite Office
4;GSIS;Palawan Branch Office 
4;GSIS;Boac Satellite Office
4;PRC;Lucena City
4;PSA-NSO;Region IVB- MIMAROPA
4;PSA-NSO;Palawan
4;PSA-NSO;Region IVA- CALABARZON
4;PSA-NSO;Quezon 
4;PSA-NSO;Cavite
4;LRA;Marinduque
4;LRA;Calapan, Mindoro Oriental
4;LRA;Puerto Princesa, Palawan
4;LRA;Puerto Princesa City
4;LRA;Nasugbu, Batangas
4;LRA;Lipa City
4;LRA;Sta.Cruz,Laguna
4;LRA;Siniloan, Laguna
4;LRA;Calamba, Laguna
4;LRA;Pallocan West, Batangas 
4;LRA;Batangas Provincial
4;LRA;Tanauan, Batangas City
4;LRA;Cavite Province
4;LRA;Registry of Deeds: San Pablo City
4;LRA;Registry of Deeds: Lucena City
4;LRA;Registry of Deeds: Province of Rizal, Binangonan (RRD)
4;LRA;Registry of Deeds: Morong, Rizal
4;LRA;Registry of Deeds: Antipolo City
4;LRA;Lemery, Batangas
4;HDMF;Calapan Branch
4;HDMF;Palawan Members Services
4;HDMF;Batangas Branch
4;HDMF;Imus Member Services Branch
4;HDMF;Robinsons Place Dasmari바s (Service Center)
4;HDMF;Imus
4;HDMF;Calamba Business Hub
4;HDMF;Robinsons Sta. Rosa Market
4;HDMF;Lucena Member Services Branch
4;HDMF;Antipolo Branch
4;PHIC;Island Local Health Insurance Offices - Boac, Marinduque
4;PHIC;Island Local Health Insurance Offices - Mamburao, Occidental Mindoro
4;PHIC;Island LHIO- Calapan City, Oriental Mindoro
4;PHIC;Island Local Health Insurance Offices- Puerto Princesa City, Palawan
4;PHIC;PhilHealth Express Robinson's Palawan
4;PHIC;Island Local Health Insurance Offices- Romblon
4;PHIC;PRO IV-A - Lucena
4;PHIC;Local Health Insurance Offices- Gumaca, Quezon
4;PHIC;PRO IV-B - Batangas Regional Office
4;PHIC;LHIO- Lemery
4;PHIC;Batangas Local Health Insurance Offices- Tanauan City, Batangas
4;PHIC;PhilHealth Express Robinson's Sta Rosa
4;PHIC;Local Health Insurance Offices- Calamba, Laguna
4;PHIC;4B PHIC LHIO Lipa
4;PHIC;Local Health Insurance Offices- Trece Martires City, Cavite
4;PHIC;LHIO Imus, Cavite
4;PHIC;Local Health Insurance Offices- San Pablo, Laguna
4;PHIC;Local Health Insurance Office- Rizal
4;LGU;Puerto Princesa City, Palawan
4;LGU;BATANGAS CITY (Capital)
4;LGU;Lipa City, Batangas
4;LGU;Calamba City, Laguna
4;LGU;San Pablo City, Laguna
4;LGU;CITY OF SANTA ROSA
4;LGU;Antipolo City, Rizal
5;LTO;LTO Regional Office No. 5 (Legaspi City)
5;LTO;Daet District Office
5;LTO;Goa Extension/ District Office
5;LTO;Ligao District Office former Guinobatan District Office
5;LTO;Iriga City District Office
5;LTO;Legaspi City District Office
5;LTO;Masbate City District Office
5;LTO;Naga City District Office
5;LTO;Ragay District Office
5;LTO;Sorsogon District Office
5;LTO;Tabaco District Office
5;LTO;Virac District Office
5;SSS;Daet
5;SSS;Goa
5;SSS;Iriga
5;SSS;LEGAZPI
5;SSS;MASBATE
5;SSS;NAGA
5;SSS;SORSOGON
5;SSS;TABACO
5;SSS;VIRAC
5;GSIS;Legazpi Branch Office
5;GSIS;Masbate Satellite Office
5;GSIS;Naga Branch Office
5;GSIS;Sorsogon
5;GSIS;Virac Satellite Office
5;BIR;Revenue District Office No. 64- Daet, Camarines Norte
5;BIR;Revenue District Office No. 65 - Naga City
5;BIR;Revenue District Office No. 66 - Iriga City
5;BIR;Revenue District Office No. 67 - Legaspi City
5;BIR;Revenue District Office No. 68 - Sorsogon, Sorsogon
5;BIR;Revenue District Office No. 69 - Virac, Catanduanes
5;BIR;Revenue District Office No. 70 - Masbate, Masbate
5;LBP;Iriga Branch
5;LBP;Ligao Branch
5;LBP;Polangui Branch
5;LBP;Irosin Branch
5;LRA;Naga City
5;LRA;Naga, Camarines Sur Province
5;LRA;Iriga City 
5;LRA;Legaspi, Albay Province
5;LRA;Legaspi City (RRD) 
5;LRA;Masbate,Masbate
5;LRA;Daet, Camarines Norte
5;LRA;Sorsogon,Sorsogon
5;HDMF;Legazpi Branch
5;HDMF;Naga Business Center
5;HDMF;Sorsogon Service Desk
5;HDMF;Masbate Field Office
5;HDMF;Daet Branch
5;HDMF;Catanduanes Field Office
5;PHIC;PRO V - Legazpi Regional Office
5;PHIC;Local Health Insurance Offices- Masbate City, Masbate
5;PHIC;Local Health Insurance Offices- Naga City, Camarines Sur
5;PHIC;Local Health Insurance Offices- Daet, Camarines Norte
5;PHIC;Local Health Insurance Offices- Sorsogon, Sorsogon
5;PHIC;Local Health Insurance Offices- Virac, Catanduanes
5;PRC;Legaspi City
5;PSA-NSO;Camarines Norte
5;PSA-NSO;Catanduanes
5;PSA-NSO;Masbate
5;PSA-NSO;Sorsogon
5;PSA-NSO;Region V - Bicol
5;PSA-NSO;Camarines Sur
6;LTO;Regional Office VI
6;LTO;Iloilo City District Office
6;LTO;Iloilo Licensing Center
6;LTO;Calinog District Office
6;LTO;Bacolod City District Office
6;LTO;Negros Occ. Licensing Center
6;LTO;Bacolod Drivers' License Renewal Center
6;SSS;Bacolod 
6;LTO;Barotac Viejo District Office
6;LTO;Guimbal Extension Office 
6;BIR;Revenue District Office No. 74 - Iloilo City
6;BIR;Revenue District Office No. 75 - Zarraga, Iloilo City
6;LTO;Iloilo Drivers' License Renewal Center
6;LTO;Antique District Office
6;LTO;Pontevedra Extension Office
6;LTO;Himamaylan District Office
6;SSS;Kabankalan
6;SSS;Bago City
6;LTO;San Carlos City District Office
6;SSS;San Carlos Branch
6;LTO;Cadiz City District Office
6;SSS;Sagay
6;LBP;Kabankalan Branch
6;LBP;Mandalagan EO
6;LBP;Hernaez EO
6;LBP;Sagay Branch
6;SSS;Iloilo
6;SSS;Molo
6;GSIS;Iloilo
6;SSS;Victorias
6;LTO;Guimaras Extension Office
6;LTO;Roxas City District Office
6;SSS;Roxas
6;GSIS;Roxas
6;LTO;Sigma Extension
6;BIR;Revenue District Office No. 72 - Roxas City
6;LTO;Kalibo District Office
6;SSS;Kalibo
6;GSIS;Aklan Extension Office
6;SSS;Bais
6;SSS;Dumaguete
6;BIR;Revenue District Office No. 79 - Dumaguete City
6;GSIS;Antique
6;BIR;Revenue District Office No. 73 - San Jose, Antique
6;LRA;San Jose, Antique
6;SSS;Antique
6;GSIS;Bacolod Branch Office
6;BIR;Revenue District Office No. 77 - Bacolod City
6;BIR;Revenue District Office No. 76 - Victorias City, Negros Occidental
6;BIR;Revenue District Office No. 78 - Binalbagan, Negros Occidental
6;PSA-NSO;Negros Occidental 
6;PRC;Regional Office- Iloilo City
6;PSA-NSO;Iloilo
6;BIR;Revenue District Office No. 71 - Kalibo, Aklan
6;PSA-NSO;Aklan
6;LRA;Registry of Deeds: Kalibo, Aklan
6;LRA;Registry of Deeds: Iloilo City, Iloilo Province (RRD)
6;LRA;Registry of Deeds: Iloilo Province/Guimaras
6;HDMF;Iloilo City Member Services Branch
6;LRA;Registry of Deeds: Bacolod, Negros Occidental
6;LRA;Registry of Deeds: Bacolod City
6;HDMF;Bacolod Business Hub
6;LRA;Roxas, Capiz Province
6;LRA;Roxas City
6;HDMF;Capiz Member Services Branch
6;PHIC;Local Health Insurance Offices-Sara, Iloilo
6;PHIC;Local Health Insurance Offices-Passi City, Iloilo
6;PHIC;PRO VI - Iloilo Regional Office
6;LRA;Silay City
6;LRA;Registry of Deeds: Cadiz City
6;PHIC;Local Health Insurance Offices-Sagay City, Negros Occidental
6;PHIC;LHIO- Kabankalan City, Negros Occidental
6;LRA;Registry of Deeds: Kabankalan City, Negros Occidental
6;HDMF;Kalibo Member Services Branch
6;PHIC;LHIO- Kalibo, Aklan
6;PHIC;Local Health Insurance Offices- Bacolod City, Negros Occidental
6;PHIC;Local Health Insurance Offices- San Jose, Antique
6;PHIC;Local Health Insurance Offices- Roxas City, Capiz
6;LRA;Registry of Deeds: Bago City, Negros Occidental
6;LGU;Bacolod City
6;LGU;Kabankalan City
6;LGU;Iloilo City
7;BIR;Revenue District Office No. 82 - Cebu City South
7;BIR;Revenue District Office No. 80 - Mandaue City
7;BIR;Revenue District Office No. 81 - Cebu City North
7;LRA;Lapu-lapu
7;LTO;Lapu-lapu Extension Office
7;HDMF;Mactan
7;BIR;Revenue District Office No. 83 - Talisay, Cebu
7;LTO;Talisay Extension Office
7;HDMF;Mandaue Branch
7;SSS;Tagbilaran
7;PHIC;LHIO Tagbilaran City, Bohol
7;BIR;Revenue District Office No. 84 - Tagbilaran City
7;LRA;Dumaguete City
7;PSA-NSO;Dumaguete City
7;LRA;Negros Oriental Province
7;PHIC;PRO VII - Cebu
7;SSS;Toledo 
7;LTO;Toledo District Office
7;PSA-NSO;Region 7 Central Visayas
7;PRC;PRC - Regional Office
7;GSIS;Cebu Branch Office
7;LTO;Jagna District Office
7;LTO;Talibon Extension Office
7;PHIC;Local Health Insurance Offices Talibon, Bohol
7;LTO;Siquijor District Office
7;GSIS;Dumaguete Branch Office
7;HDMF;Dumaguete Member Services Branch
7;LTO;Carcar District Office
7;PHIC;Local Health Insurance Offices Carcar City, Cebu
7;LTO;DLRC- SM Cebu
7;LRA;Cebu City (RRD)
7;LRA;Mandaue City
7;LRA;Cebu Province
7;HDMF;Tagbilaran Extension Office
7;LRA;Registry of Deeds: Tagbilaran City
7;LRA;Registry of Deeds: Tagbilaran Bohol Province
7;PHIC;Local Health Insurance Offices- Dumaguete City, Negros Oriental
7;PHIC;Local Health Insurance Offices- Bais City, Negros Oriental
7;LTO;Bais District Office
7;LTO;Mandaue District Office
7;LTO;Medellin Extension Office
7;LTO;Mandaue Licensing Center
7;LTO;Cebu City Licensing
7;LTO;Cebu City District Office
7;LTO;Regional Office 7 (Operations Services Division)
7;GSIS;Bohol Branch Office
7;LTO;DLRC- ICM Tagbilaran
7;LTO;Tagbilaran District Office
7;LTO;DLRC- Robinsons Dumaguete
7;LTO;Bayawan Extension Office
7;LTO;Dumaguete District Office
7;PHIC;Local Health Insurance Offices- Mandaue City, Cebu
7;HDMF;Bogo Service Desk
7;SSS;Bogo
7;SSS;Mandaue
7;SSS;Lapu-lapu
7;SSS;SSS - Cebu City
7;LTO;Danao District Office
7;HDMF;Danao Service Office
7;PHIC;Local Health Insurance Offices Danao City, Cebu
7;LGU;Mandaue City
7;LGU;Cebu City
7;LGU;Lapu-lapu City
7;HDMF;Cebu South Branch (Cebu Ayala Branch)
7;LBP;Plaza Independencia Branch
8;PHIC;Ormoc Local Health Insurance Office
8;PHIC;Tacloban Local Health Insurance Office
8;PHIC;Business Center Catbalogan City, Samar
8;PHIC;Business Center Baybay City, Leyte
8;PHIC;Business Center Calbayog, Samar
8;PHIC;Business Center Naval, Biliran
8;PHIC;Maasin Local Health Insurance Office
8;PHIC;Catarman Local Health Insurance Office
8;PHIC;Borongan Local Health Insurance Office
8;BIR;Revenue District Office No. 85 - Catarman, Northern Samar
8;BIR;Revenue District Office No. 90 - Maasin, Southern Leyte
8;BIR;Revenue District Office No. 87 - Catbalogan, Western 
8;BIR;Revenue District Office No. 88 - Tacloban City
8;BIR;Revenue District Office No. 89 - Ormoc City
8;BIR;Revenue District Office No. 86 - Borongan, Eastern Samar
8;LRA;Tacloban City 
8;LRA;LRA - Palo, Leyte/ Northern Leyte
8;LRA;LRA - Biliran
8;LRA;Ormoc City
8;LRA;LRA - Catarman, Northern Samar
8;LRA;Maasin, Sothern Leyte
8;LRA;Catbalogan City
8;LRA;LRA - Calbayog City
8;LRA;Borongan, Eastern Samar
8;SSS;Borongan Service Office, Eastern Samar
8;SSS;Maasin 
8;SSS;Calbayog 
8;SSS;Catbalogan
8;SSS;Catarman Service Office
8;SSS;Biliran Service Office
8;SSS;Ormoc 
8;SSS;Tacloban
8;HDMF;Tacloban Branch
8;HDMF;Calbayog Service Desk
8;HDMF;Ormoc Service Center
8;PSA-NSO;Leyte (Tacloban)
8;PSA-NSO;Northern Samar 
8;PSA-NSO;Eastern Samar
8;PSA-NSO;Samar (Western)
8;PSA-NSO;Biliran
8;PSA-NSO;Southern Leyte
8;PSA-NSO;Region VIII - Eastern Visayas
8;GSIS;Catbalogan Branch Office
8;GSIS;Extension Office Ormoc
8;GSIS;Maasin Branch Office
8;GSIS;Catarman Extension Office
8;GSIS;Tacloban Branch Office
8;GSIS;Borongan Extension Office
8;LTO;Catarman District Office
8;LTO;Catbalogan District Office
8;LTO;Maasin District Office
8;LTO;Calbayog District Office
8;LTO;Ormoc District Office
8;LTO;San Juan District Office
8;LTO;Baybay Extension Office
8;LTO;Borongan District Office
8;LTO;Carigara District Office
8;LTO;Naval District Office
8;LTO;Tacloban City Licensing Center
8;LTO;Tacloban District Office
8;LTO;LTO Tacloban Extension Office 
8;LTO;Regional Office No. 8, Tacloban City
8;LBP;Maasin Branch
8;LBP;Tacloban Real Branch
8;LBP;Tacloban Branch
8;PRC;Tacloban City
8;LGU;Tacloban City
8;LGU;Ormoc City
8;LGU;Calbayog City
9;LTO;Zamboanga City Licensing Center 
9;LTO;Regional Office 9 ? Zamboanga City  (Operations Division)
9;LTO;Zamboanga City (Registration  Services)
9;LTO;Zamboanga City DLRC (Yubengco Mall, Putik, ZC) 
9;BIR;Revenue District Office No. 92 - Pagadian City, Zamboanga del Sur
9;BIR;Revenue District Office No. 93B - Zamboanga Sibugay
9;BIR;Revenue District Office No. 93A - Zamboanga City
9;BIR;Revenue District Office No. 91 - Dipolog City
9;LTO;Dipolog Licensing Center 
9;LTO;Dipolog District Office
9;LTO;Ipil District Office
9;PRC;Pagadian City
9;SSS;Dipolog City
9;GSIS;Dipolog Branch Office
9;LBP;Dipolog Branch
9;GSIS;Zamboanga Branch Office
9;LBP;Pagadian Branch
9;LBP;Buug Branch
9;SSS;Ipil
9;PHIC;Local Health Insurance Offices- Ipil, Zamboanga
9;LRA;Dipolog City
9;PSA-NSO;Zamboanga del Norte (Dipolog City)
9;HDMF;Zamboanga Branch Office
9;LTO;Basilan District Office 
9;PSA-NSO;Zamboanga del Sur (Pagadian City)
9;LTO;Molave Extension Office
9;LRA;Pagadian City
9;HDMF;Pagadian Branch
9;LRA;Zamboanga Del Norte Province
9;LTO;Sindangan Extension Office 
9;LRA;Registry of Deeds: Zamboanga Del Sur Province
9;LTO;Pagadian District Office 
9;LRA;Zamboanga City - RRD
9;LTO;E-Patrol 
9;LRA;Dapitan City 
9;HDMF;Dipolog Extension Office 
9;PHIC;LHIO Dipolog City, Zamboanga del Norte
9;GSIS;Pagadian Branch Office
9;PHIC;PRO IX - Zamboanga Regional Office
9;PSA-NSO;Region IX- Zamboanga Peninsula
9;PHIC;Local Health Insurance Offices- Pagadian City, Zamboanga de Sur
9;SSS;Pagadian 
9;LTO;Buug Extension Office
9;SSS;Zamboanga City
9;LGU;LGU-Zamboanga (Bldg. Permits)
10;LTO;Cagayan de Oro City District Office
10;LTO;DLRC-Cagayan de Oro City
10;LTO;Ozamiz City District Office
10;LTO;Tangub City District Office
10;BIR;Revenue District Office No. 101 -Iligan City
10;BIR;Revenue District Office No. 102 - Marawi City
10;PHIC;LHIO Gingoog City, Misamis Oriental
10;BIR;Revenue District Office No. 97 - Gingoog City
10;BIR;Revenue District Office No. 99 - Malaybalay, Bukidnon
10;LRA;Bukidnon Province
10;BIR;Revenue District Office No. 98 - Cagayan de Oro City
10;BIR;Revenue District Office No. 100 - Ozamis City
10;SSS;Ozamiz City
10;GSIS;Cagayan de Oro Branch Office
10;SSS;Cagayan de Oro
10;LBP;Cagayan de Oro City PPA EO
10;LTO;Camiguin District Office
10;SSS;Camiguin 
10;GSIS;Iligan Branch Office
10;SSS;Iligan City
10;LRA;Oroquieta City 
10;LRA;Misamis Occidental Province
10;LTO;Gingoog District Office
10;SSS;Gingoog City
10;PRC;Cagayan de Oro City
10;LRA;Cagayan de Oro City, RRD
10;LTO;Maramag Extension Office
10;LTO;Valencia City Mobile Unit
10;PHIC;Express Maramag Food Court
10;PHIC;Local Health Insurance Offices- Valencia, Bukidnon
10;LTO;Oroquieta District Office
10;PHIC;Local Health Insurance Offices- Ozamis City, Misamis Occidental
10;LRA;Ozamis City
10;PSA-NSO;Misamis Occidental
10;LTO;Malaybalay District Office
10;GSIS;Malaybalay City
10;PHIC;PRO X - Cagayan De Oro
10;HDMF;Cagayan De Oro Branch
10;SSS;Valencia City
10;PHIC;Malaybalay Service Desk
10;HDMF;Malaybalay Branch
10;LRA;Tubod, Lanao del Norte
10;PSA-NSO;Lanao Del Norte
10;HDMF;Iligan Branch
10;LTO;Iligan City District Office
10;LTO;Tubod Extension Office
10;SSS;Oroquieta
10;LRA;Cagayan de Oro City, Misamis Oriental Province
10;LRA;Registry of Deeds: Iligan City
10;PHIC;Local Health Insurance Offices Iligan City, Lanao Del Norte
10;PSA-NSO;Region 10- Northern Mindanao
10;SSS;Agora, Lapasan, Cagayan de Oro City
10;LTO;E Patrol, Puerto, Cagayan de Oro City
10;HDMF;Gingoog Members' Desk
10;HDMF;Cagayan De Oro West Branch
10;LGU;Cagayan de Oro City
10;LGU;Malaybalay City
10;LGU;Iligan City
11;SSS;Bajada, Davao Branch
11;SSS;Toril
11;BIR;BIR RDO 115 - Digos, Davao del Sur
11;SSS;Digos
11;BIR;Revenue District Office No. 112 - Tagum, Davao del Norte
11;BIR;Revenue District Office 114 - Mati, Davao Oriental
11;BIR;Revenue District Office No. 113 - West Davao City
11;BIR;Revenue District Office No. 132 - East Davao City
11;LTO;Tagum City District Office
11;SSS;Mati
11;HDMF;Davao South Service Center
11;LRA;Tagum, Davao del Norte, Province
11;PSA-NSO;Region XI - Davao Region
11;LTO;DLRC Gaisano Mall Tagum
11;LRA;Mati, Davao Oriental
11;LTO;Samal District Office
11;LTO;Digos District Office
11;HDMF;Davao Branch
11;LBP;Toril EO
11;LBP;Davao Recto Branch
11;LTO;Mati District Office
11;PRC;Regional Office Davao City
11;HDMF;Tagum Branch
11;PHIC;LHIO Tagum City, Davao del Norte
11;PHIC;LHIO Mati, Davao Oriental
11;LRA;LRA RDO Regional Office XI
11;PHIC;LHIO Nabunturan, Compostela Valley Province
11;GSIS;Davao Branch Office
11;PHIC;Local Health Insurance Offices- Digos, Davao Del Sur
11;PHIC;PRO XI - Davao Regional Office
11;GSIS;Tagum Branch Office
11;LRA;Digos, Davao del Sur Province
11;LTO;Regional Office XI, Davao City
11;SSS;Tagum
11;LTO;SM City DLRC
11;LGU;Davao City
11;LGU;Tagum City (Capital)
12;GSIS;Cotabato Branch Office
12;LRA;Saranggani
12;LRA;General Santos City
12;PHIC;LHIO- Kidapawan City, North Cotabato
12;GSIS;Kidapawan Branch Office
12;HDMF;Kidapawan Branch 
12;PSA-NSO;COTABATO (Kidapawan)
12;BIR;Revenue District Office No. 107 - Cotabato City
12;BIR;Revenue District Office No. 108 - Kidapawan, North Cotabato
12;BIR;Revenue District Office No. 109 - Tacurong, Sultan Kudarat
12;BIR;Revenue District Office No. 110 - General Santos City
12;BIR;Revenue District Office No. 111 - Koronadal, South Cotabato
12;SSS;KIDAPAWAN
12;GSIS;General Santos Branch Office
12;PHIC;LHIO General Santos City, South Cotabato
12;PSA-NSO;South Cotabato / Sarangani (GenSan)
12;HDMF;General Santos 
12;PHIC;PRO XII - Koronadal
12;HDMF;Koronadal Extension Office
12;PSA-NSO;Region XII - SOCCSKSARGEN
12;SSS;Tacurong
12;SSS;General Santos 
12;LTO;Polomolok Extension Office
12;LTO;Saranggani Extension Office
12;LTO;Surallah District Office
12;LTO;General Santos City District Office
12;PHIC;Isulan, Sultan Kudarat
12;LTO;General Santos City Licensing Center
12;LTO;Cotabato City Licensing Center
12;LTO;Koronadal City District Office
12;HDMF;Cotabato Extension Office
12;LTO;Koronadal City Licensing Center
12;LRA;Koronadal, South Cotabato
12;SSS;Cotabato 
12;SSS;Koronadal 
12;LRA;Isulan, Sultan Kudarat
12;PHIC;Local Health Insurance Offices- Cotabato City, Cotabato 
12;LTO;Tacurong City District Office
12;LTO;Kabacan Extension Office
12;LTO;Midsayap Extension Office
12;LTO;Kidapawan City District Office
12;LTO;Cotabato City District Office
12;LTO;Regional Office No. 12
12;LRA;Cotabato City RRD
12;LRA;Registry of Deeds: Maguindanao-Cotabato City
12;LTO;E-Patrol 
12;LRA;Region 12 North Cotabato Province
12;LBP;Tacurong Branch
12;LBP;Kidapawan Extension Office 
12;LBP;Polomolok Extension Office
12;LBP;Koronadal Branch
12;LGU;General Santos City 
CARAGA;HDMF;Butuan Branch
CARAGA;HDMF;Surigao Extension Office
CARAGA;SSS;Bislig City
CARAGA;SSS;Butuan
CARAGA;BIR;Revenue District Office No. 106 - Tandag, Surigao del Sur
CARAGA;BIR;Revenue District Office No. 103 - Butuan City
CARAGA;BIR;Revenue District Office No. 104 - Bayugan, Agusan del Sur
CARAGA;BIR;Revenue District Office No. 105 - Surigao City
CARAGA;GSIS;Butuan Branch Office
CARAGA;GSIS;Extension Office Tandag 
CARAGA;GSIS;Surigao Branch Office
CARAGA;PHIC;PRO Caraga- Butuan 
CARAGA;PHIC;LHIO Bislig City, Surigao Del Sur
CARAGA;PHIC;LHIO San Francisco, Agusan del Sur
CARAGA;PHIC;LHIO Surigao City
CARAGA;PHIC;LHIO Tandag City
CARAGA;PSA-NSO;Caraga Regional Office, Butuan City
CARAGA;PSA-NSO;Surigao del Norte
CARAGA;LRA;Tandag, Surigao del Sur
CARAGA;LRA;Prosperidad, Agusan del Sur
CARAGA;LRA;Butuan City-RRD
CARAGA;LTO;Bislig District Office
CARAGA;LTO;Butuan City District Office
CARAGA;LTO;Cabadbaran Extension Office
CARAGA;LTO;Patin-ay District Office
CARAGA;LTO;Surigao City District Office
CARAGA;LTO;Tandag City District Office
CARAGA;SSS;Surigao 
CARAGA;SSS;Tandag City
CARAGA;LGU;Butuan City
ARMM;PHIC;Local Health Insurance Office, Buluan, Maguindanao
ARMM;PHIC;Local Health Insurance Office, Parang, Shariff Kabunsuan
ARMM;PSA-NSO;National Statistics Office-Maguindanao
ARMM;PSA-NSO;Autonomous Region in Muslim Mindanao (ARMM)
ARMM;PHIC;PRO ARMM - Marawi Regional Office
ARMM;PHIC;Local Health Insurance Office- Marawi City
ARMM;PSA-NSO;Lanao del Sur
ARMM;LTO;Marawi District Office
ARMM;SSS;Tawi-Tawi Service Office
ARMM;PHIC;Local Health Insurance Office Bongao, Tawi-Tawi
ARMM;LTO;Tawi-tawi Provincial Office
ARMM;PSA-NSO;Tawi-Tawi
ARMM;BIR;Revenue District Office No. 96 - Bongao, Tawi-Tawi
ARMM;SSS;Basilan
ARMM;BIR;Revenue District Office No. 94 - Isabela, Basilan
ARMM;GSIS;Extension Office Basilan
ARMM;PHIC;Local Health Insurance Office - Basilan
ARMM;LRA;Isabela, Basilan
ARMM;BIR;Revenue District Office No. 95 - Jolo, Sulu
ARMM;PSA-NSO;Sulu
ARMM;SSS;Sulu
ARMM;LTO;Sulu Provincial District Office
ARMM;PHIC;Local Health Insurance Office - Jolo, Sulu
ARMM;LRA;Sulu Prov. (Jolo)
CAR ;HDMF;Baguio Branch
CAR ;LTO;Baguio City Licensing Center
CAR ;SSS;Baguio Branch
CAR ;LTO;Bontoc District Office
CAR ;LRA;Bontoc, Mt. Province
CAR ;BIR;Revenue District Office No. 10 - Bontoc, Mt. Province
CAR ;LRA;La Trinidad, Benguet
CAR ;GSIS;Baguio Branch Office
CAR ;LTO;La Trinidad District Office
CAR ;BIR;Revenue District Office No. 9 - La Trinidad, Benguet
CAR ;BIR;Revenue District Office No. 8 - Baguio City
CAR ;LTO;Baguio District Office Registration
CAR ;PSA-NSO;Abra
CAR ;PHIC;LHIO Bangued, Abra
CAR ;SSS;Bangued
CAR ;LTO;Tabuk District Office
CAR ;LRA;Tabuk, Kalinga-Apayao
CAR ;BIR;Revenue District Office No. 11 - Tabuk, Kalinga-Apayao
CAR ;LRA;Baguio City (RRD)
CAR ;PHIC;PRO CAR- Baguio
CAR ;PHIC;Local Health Insurance Offices- Bugias, Benguet
CAR ;BIR;Revenue District Office No. 12- Lagawe, Ifugao
CAR ;PHIC;LHIO Lagawe, Ifugao
CAR ;PSA-NSO;Ifugao
CAR ;PHIC;Business Center Luna, Apayao
CAR ;LTO;Apayao District Office
CAR ;LTO;Bangued District Office
CAR ;BIR;Revenue District Office No. 7 - Bangued, Abra
CAR ;LTO;LTO Regional Office No. 14 Cordillera Autonomous Region (CAR)
CAR ;PHIC;LHIO Baguio City
CAR ;LTO;Ifugao District Office
CAR ;LRA;Lamut, Ifugao
CAR ;PHIC;LHIO Tabuk, Kalinga
CAR ;PSA-NSO;Cordillera Administrative Region (CAR)
CAR ;SSS;Bontoc
CAR ;PHIC;LHIO Bontoc
CAR ;LBP;La Trinidad Branch
CAR ;PRC;Baguio
CAR ;LGU;Baguio City Hall
NCR;LTO;Diliman District Office 
NCR;LTO;DLRC-Tutuban 
NCR;LTO;San Juan District Office
NCR;LTO;Manila South District Office
NCR;LTO;Las Pi바s District Office
NCR;LTO;Malabon Extension Office
NCR;LTO;Valenzuela District Office
NCR;LTO;La Loma District Office
NCR;LTO;PUVRC
NCR;LTO;Quezon City District Office
NCR;LTO;Kalookan District Office
NCR;LTO;DLRC SM Super Center
NCR;LTO;Navotas Extension Office
NCR;LTO;DLRC-Metro East 
NCR;LTO;Kalookan Licensing Extension Office
NCR;LTO;Las Pi바s Licensing Extension Office
NCR;BIR;Revenue District Office No. 24 - Valenzuela City
NCR;BIR;Revenue District Office No. 26 - Malabon-Navotas
NCR;BIR;Revenue District Office No. 27 - Caloocan City
NCR;BIR;Revenue District Office No. 28 ? Novaliches
NCR;BIR;Revenue District Office No. 29 - San Nicolas, Tondo 
NCR;BIR;Revenue District Office No. 30 ? Binondo
NCR;BIR;Revenue District Office No. 31- Sta. Cruz
NCR;BIR;Revenue District Office No. 32 - Quiapo-Sampaloc-Sta. Mesa- San Miguel
NCR;BIR;Revenue District Office No. 33 - Intramuros-Ermita-Malate
NCR;BIR;Revenue District Office No. 34 - Paco-Pandacan-Sta. Ana-San Andres
NCR;BIR;Revenue District Office No. 38 - North, Quezon City
NCR;BIR;Revenue District Office No. 39-South Quezon City 
NCR;BIR;Revenue District Office No. 40 ? Cubao
NCR;BIR;Revenue District Office No. 41 - Mandaluyong
NCR;BIR;Revenue District Office No. 42 - San Juan
NCR;BIR;Revenue District Office No. 43A - East Pasig
NCR;BIR;Revenue District Office No. 43B - West Pasig
NCR;BIR;Revenue District Office No. 44 - Taguig-Pateros 
NCR;BIR;Revenue District Office No. 47- East Makati
NCR;BIR;Revenue District Office No. 48 - West Makati
NCR;BIR;Revenue District Office No. 49 - North Makati
NCR;BIR;Revenue District Office No. 50 - South Makati
NCR;BIR;Revenue District Office No. 51 - Pasay City
NCR;BIR;Revenue District Office No. 52 - Para바que
NCR;BIR;Revenue District Office No. 53A - Las Pi바s City
NCR;BIR;Revenue District Office No. 53B - Muntinlupa City
NCR;BIR;Revenue District Office No. 122 - Makati Large Taxpayers District Office
NCR;BIR;Revenue District Office No. 25A - Plaridel, Bulacan
NCR;BIR;Revenue District Office No. 25B - Marilao, Bulacan
NCR;LBP;UP Diliman EO
NCR;LBP;EDSA Congressional Branch
NCR;LBP;COA Branch
NCR;LBP;DOLE EO
NCR;LBP;Navotas Branch
NCR;LBP;Espa바 Branch
NCR;LBP;Makati Business Branch
NCR;LBP;FTI Branch
NCR;LBP;Pasig Capitol Branch
NCR;LBP;Pasig City Hall EO
NCR;LBP;OWWA Extension Office
NCR;LBP;Villamor EO
NCR;LTO;Makati District Office
NCR;LTO;Mandaluyong Extension Office
NCR;LTO;Manila East District Office
NCR;LTO;Manila North District Office
NCR;LTO;Manila West District Office
NCR;LTO;Marikina District Office
NCR;LTO;Paranaque Extension Office
NCR;LTO;Pasay District Office
NCR;LTO;Pasay Licensing Center
NCR;LTO;LTO Regional Office No. 13 National Capital Region (NCR)
NCR;LTO;DLRC Robinsons Galleria
NCR;LTO;Pasig District Office
NCR;LTO;Quezon City Extension Office (CA)
NCR;LTO;Central Licensing Office
NCR;LTO;San Juan Licensing Center
NCR;LTO;Taguig Extension Office
NCR;LTO;Quezon City Licensing Center
NCR;LTO;DLRC SM North-EDSA
NCR;LTO;DLRC Araneta
NCR;LTO;North MVIC
NCR;LTO;South MVIC
NCR;LTO;Muntinlupa Extension Office 
NCR;LTO;DLRC Ever Gotesco
NCR;LTO;DLRC Alabang Town Center
NCR;LTO;DLRC Robinson's Place Fairview
NCR;LTO;PUVREC
NCR;LTO;DLRC Ayala MRT
NCR;LTO;Novaliches District Office
NCR;LTO;Manila Licensing Center
NCR;LTO;DLRC SM Manila
NCR;LTO;DLRC Metro Point
NCR;LTO;DLRC Guadalupe
NCR;SSS;Alabang
NCR;SSS;Binondo
NCR;SSS;Commonwealth
NCR;SSS;Congressional
NCR;SSS;Cubao
NCR;SSS;Diliman
NCR;SSS;Guadalupe
NCR;SSS;Kalookan
NCR;SSS;Las Pi바s
NCR;SSS;Legarda
NCR;SSS;Makati - Gil Puyat Ave.
NCR;SSS;Makati 2 - J.P. Rizal
NCR;SSS;Makati 3 - Ayala
NCR;SSS;Malabon
NCR;SSS;Mandaluyong
NCR;SSS;Manila
NCR;SSS;Marikina
NCR;SSS;Novaliches
NCR;SSS;Paranaque
NCR;SSS;Pasay- Roxas Blvd.
NCR;SSS;Pasay- Taft
NCR;SSS;PASIG - PALATIW (former)/ SSS- Pasig Rotunda
NCR;SSS;Pasig- Shaw Blvd.
NCR;SSS;San Francisco Del Monte
NCR;SSS;San Juan
NCR;SSS;Taguig
NCR;SSS;Valenzuela
NCR;SSS;Welcome
NCR;GSIS;Quezon City Branch Office
NCR;GSIS;Pasig City Branch Office
NCR;GSIS;Main (Pasay)
NCR;LRA;Land Registration Authority East Avenue
NCR;LRA;Registry of Deeds: Manila
NCR;LRA;Registry of Deeds: Quezon City
NCR;LRA;Registry of Deeds: Makati City
NCR;LRA;Registry of Deeds: Pasay City
NCR;LRA;Registry of Deeds: Malabon-Navotas
NCR;LRA;Valenzuela
NCR;LRA;San Juan
NCR;LRA;Registry of Deeds: Mandaluyong City
NCR;LRA;Pasig City
NCR;LRA;Registry of Deeds: Para바que City
NCR;LRA;Registry of Deeds: Las Pi바s City
NCR;LRA;Marikina
NCR;LRA;Muntinlupa
NCR;LRA;Kalookan City 
NCR;LRA;Taguig/Pateros
NCR;HDMF;Home Development Mutual Fund (Mandaluyong)
NCR;HDMF;Caloocan Branch
NCR;HDMF;Cubao Member Services Branch
NCR;HDMF;Manila Branch
NCR;HDMF;Pasay Branch
NCR;HDMF;Ortigas Member Services Branch
NCR;HDMF;Makati 1
NCR;HDMF;Makati 2
NCR;HDMF;Makati 3
NCR;HDMF;Kamias Branch
NCR;PHIC;Local Health Insurance Offices- Pasig
NCR;PHIC;Local Health Insurance Offices- Makati
NCR;PHIC;Local Health Insurance Offices- Las Pinas
NCR;PHIC;PRO NCR Central - Quezon City Regional Office
NCR;PHIC;Manila Local Health Insurance Office
NCR;PHIC;Caloocan Local Health Insurance Office
NCR;PHIC;Mandaluyong Local Health Insurance Office
NCR;PRC;Professional Regulation Commission Manila
NCR;PSA-NSO;NCR V - Makati, Taguig, and Pateros
NCR;PSA-NSO;East Avenue
NCR;PSA-NSO;Muntinlupa City
NCR;PSA-NSO;Pasay City
NCR;PSA-NSO;Pasig City
NCR;LGU;CITY OF LAS PI베S
NCR;LGU;CITY OF MAKATI
NCR;LGU;CITY OF MUNTINLUPA
NCR;LGU;CITY OF PARA베QUE
NCR;LGU;Pasay City
NCR;LGU;Taguig City
NCR;LGU;Mandaluyong City
NCR;LGU;Marikina City
NCR;LGU;Pasig City
NCR;LGU;San Juan City
NCR;LGU;CALOOCAN CITY
NCR;LGU;Malabon City
NCR;LGU;Valenzuela City
NCR;LBP;BOC MICP Branch
NCR;LBP;Paseo de Roxas Branch
